"lesson_id","concept_id","concept_name","evidence_source","explanation_action","visual_required","visual_question","visual_form","planned_asset","status","rationale"
"M02-05","C01","행렬의 입력·출력 shape","학습 목표; 핵심 개념 1","verified","no","","","","verified","shape 식과 작은 행렬 예제로 충분하며 별도 그림은 중복이다."
"M02-05","C02","선형결합 보존","핵심 개념 2; 통과 기준","verified","yes","기저벡터 두 개의 도착점이 왜 모든 벡터의 도착점을 정하는가","좌표격자와 기저벡터","figures/assets/M02/M02-05-basis-transformation.svg","verified","계수 보존과 기저의 변화를 같은 장면에서 읽는다."
"M02-05","C03","열과 표준기저의 도착점","핵심 개념 3; 오해 1","expanded","yes","행렬의 두 열이 전체 격자를 어떻게 정하는가","변환 전후 좌표격자","figures/assets/M02/M02-05-grid-from-basis.svg","verified","열벡터와 전체 공간 변환의 관계를 연결해야 한다."
"M02-05","C04","축별 확대와 축소","핵심 개념 4; 예제 1","expanded","yes","같은 입력 벡터가 축별 scaling에서 어떻게 바뀌는가","동일 입력의 비교 패널","figures/assets/M02/M02-05-standard-transforms.svg","verified","대각행렬의 방향별 작용을 회전·투영과 비교한다."
"M02-05","C05","회전과 투영","핵심 개념 5; 예제 2·3","expanded","yes","회전과 투영이 길이·방향·성분을 각각 어떻게 바꾸는가","동일 입력의 비교 패널","figures/assets/M02/M02-05-standard-transforms.svg","verified","세 변환의 보존량과 제거되는 성분을 구분한다."
"M02-05","C06","행렬곱과 변환 합성","핵심 개념 6; 예제 2","verified","no","","","","verified","기존 단계별 수식과 계산 예제가 순서를 직접 검증한다."
"M02-05","C07","선형·아핀·비선형 구분","핵심 개념 7; 오해 3·4","expanded","yes","원점·직선·평행성이 세 변환에서 어떻게 달라지는가","세 좌표격자 비교","figures/assets/M02/M02-05-linear-affine-nonlinear.svg","verified","출력 공간이 자동으로 휜다는 오해를 변환된 격자로 교정한다."
"M03-11","C01","Jacobian 정의와 shape","학습 목표; 핵심 개념 1","verified","yes","입력 dimension과 출력 dimension이 Jacobian의 열과 행에 어떻게 대응하는가","입력·행렬·출력 연결도","figures/assets/M03/M03-11-jacobian-rows-columns.svg","verified","m×n shape를 행·열의 의미와 함께 읽는다."
"M03-11","C02","행 differential과 열 방향 변화","핵심 개념 2; 오해 1","expanded","yes","한 행과 한 열이 각각 무엇을 모으는가","행·열 강조 행렬","figures/assets/M03/M03-11-jacobian-rows-columns.svg","verified","같은 배열을 covector와 vector 출력으로 읽는 차이를 보여 준다."
"M03-11","C03","국소 선형화와 JVP","핵심 개념 3; 예제 4","expanded","yes","휘어진 출력 영역을 Jacobian이 어떤 평행사변형으로 근사하는가","곡선 격자와 국소 패치","figures/assets/M03/M03-11-nonlinear-grid.svg;figures/assets/M03/M03-11-local-linear-map.svg","verified","점과 화살표가 아니라 주변 격자와 면적 변형을 따라가게 한다."
"M03-11","C04","기준점과 근사 오차","핵심 개념 3; 오해 4","expanded","yes","기준점과 이동 크기가 바뀌면 선형 근사가 어떻게 달라지는가","접선과 오차 비교","figures/assets/M03/M03-11-basepoint-error.svg","verified","국소라는 조건을 위치와 이동량 두 변수로 분리한다."
"M03-11","C05","scalar Jacobian과 gradient","핵심 개념 4; 오해 2","verified","no","","","","verified","행·열 shape 수식과 기존 반례가 핵심 구분을 직접 설명한다."
"M03-11","C06","연쇄법칙과 합성 shape","핵심 개념 5; 예제 3","verified","no","","","","verified","중간 dimension을 표시한 행렬곱이 계산 순서를 충분히 드러낸다."
"M03-11","C07","층별 Jacobian과 국소 spectrum","핵심 개념 6·7; 예제 2","verified","no","","","","verified","diagonal·affine·softmax 공식과 rank·singular value 해석 범위가 이미 구분돼 있다."
"N05-15","C01","scaled dot-product score","학습 목표; 핵심 개념 1","expanded","yes","score가 어느 단계에서 scaling되고 shape는 언제 바뀌는가","shape가 표시된 연산 파이프라인","figures/assets/N05/N05-15-attention-pipeline.svg","verified","scale을 전체 attention 흐름 속 정확한 위치에 둔다."
"N05-15","C02","causal mask의 행·열 의미","핵심 개념 2; 오해 1","expanded","yes","어느 query-key 쌍이 미래라 차단되는가","token 라벨이 있는 score 행렬","figures/assets/N05/N05-15-causal-mask-matrices.svg","verified","삼각형 색칠을 실제 token 관계와 연결한다."
"N05-15","C03","mask 전후 수치 변화","핵심 개념 2; 연습문제 2","expanded","yes","금지 score가 softmax 전후 어떤 값으로 바뀌는가","세 행렬의 동일 행 추적","figures/assets/N05/N05-15-causal-mask-matrices.svg","verified","0.4에서 −∞를 거쳐 0이 되는 경로를 수치로 보인다."
"N05-15","C04","row-wise softmax","핵심 개념 3; 연습문제 3","expanded","yes","정규화가 왜 행마다 일어나고 허용 weight 합이 1이 되는가","세 행렬의 동일 행 추적","figures/assets/N05/N05-15-causal-mask-matrices.svg","verified","query 하나에 대응하는 확률분포를 한 행으로 읽는다."
"N05-15","C05","attention weight와 value 가중합","핵심 개념 3; 연습문제 4","expanded","yes","attention row가 value vector의 계수가 되어 output 하나를 어떻게 만드는가","scalar 계수와 vector 혼합도","figures/assets/N05/N05-15-value-mixing.svg","verified","attention pattern과 실제 output을 분리한다."
"N05-15","C06","구현 불변량과 해석 한계","구현 표현; 모델 해석; 오해 3","verified","no","","","","verified","boolean mask·유한 대체값의 차이와 attention-as-explanation 한계를 기존 문단이 명시한다."
