document_id,source_ko_path,translation_en_path,reviewed_source_sha256,reviewed_translation_sha256,status,reviewer,review_notes
M00-01,part-1-foundations/M00/M00-01-numbers-variables.md,translations/en/part-1-foundations/M00/M00-01-numbers-variables.md,0d276ac4286077418cf6fc7cc099a421db2285f32e60cf650f1199eec8678c30,5ce1005042014b5d19e02fe6a5084d6a6d25e0bdb35e3f6137a091e68f19e697,verified,release_workflow_review,"Independent full Korean/English fidelity review: definitions, variable/constant roles, prediction/training, equality/equation/identity and reversible operations preserved; local math, readings, figures, links, headings and solutions checked; English table header lint passed after source-width correction; main module HTML: strict bilingual build/merge passed, all new M00 pages generated; representative M00-09 inspected at 1440x900/390x844 light/dark with prose, math, shared figure/caption and opened solution; table/figure internal scrolling and image loading checked, MathJax errors 0"
M00-02,part-1-foundations/M00/M00-02-expressions-equalities-equations.md,translations/en/part-1-foundations/M00/M00-02-expressions-equalities-equations.md,5bf7657b08a0deca95fbfdd68604688145b7329b5942dfa847c534c9b3e71690,4f5f7d585c2578c1213fa9cce1e4f32a4facc2e616bcdea11759bffc128e4c7c,verified,release_workflow_review,"Independent full Korean/English fidelity review: definitions, variable/constant roles, prediction/training, equality/equation/identity and reversible operations preserved; local math, readings, figures, links, headings and solutions checked; English table header lint passed after source-width correction; main module HTML: strict bilingual build/merge passed, all new M00 pages generated; representative M00-09 inspected at 1440x900/390x844 light/dark with prose, math, shared figure/caption and opened solution; table/figure internal scrolling and image loading checked, MathJax errors 0"
M00-03,part-1-foundations/M00/M00-03-functions-input-output.md,translations/en/part-1-foundations/M00/M00-03-functions-input-output.md,f6ad9505dba31547a214d4a7486f5f7d0fbd2f0ae30d6cba419e4e17ed4063ea,4098dd93e60679a6d2852fd92f44e98a8a111224afb07fba73006d6d912fe32b,verified,visual_goal_review,"Independent full comparison: function vs value, domain/codomain/range, deterministic scope and parameter roles retained; 7 solutions, 4 figures, formulas and reading match. Korean-language objective localized to English. HTML pending.; main HTML: 1440x900/390x844 light/dark prose, equations, shared images and captions inspected; images loaded and MathJax errors 0; wide figures scroll within wrapper"
M00-04,part-1-foundations/M00/M00-04-coordinates-graphs.md,translations/en/part-1-foundations/M00/M00-04-coordinates-graphs.md,0a52c88b24140bb3470cbeb2d93365cedb2802c80f568ba9961d7b424a1ffa68,9413a73e867b9fb63a8aa716fd1951f0741b7939f874a3012bc9f2f42b53a214,verified,release_workflow_review,"Independent full Korean/English review: coordinate/graph roles or exponent-log conditions and worked reasoning preserved; math and display sequence, readings, figures, links, headings and solutions checked; local English reading lint passed; M00-04 log-scale forward-reference source gap retained; main module HTML: strict bilingual build/merge passed, all new M00 pages generated; representative M00-09 inspected at 1440x900/390x844 light/dark with prose, math, shared figure/caption and opened solution; table/figure internal scrolling and image loading checked, MathJax errors 0"
M00-05,part-1-foundations/M00/M00-05-exponents-logarithms.md,translations/en/part-1-foundations/M00/M00-05-exponents-logarithms.md,972b7893a101dc8fe4c851c0a90bab827eb641e27f1737e79e02652b92e2c967,e2e39acfa94f6811354a2bfa8189c21efaae781242bb3f23e192a48827853461,verified,release_workflow_review,"Independent full Korean/English review: coordinate/graph roles or exponent-log conditions and worked reasoning preserved; math and display sequence, readings, figures, links, headings and solutions checked; local English reading lint passed; M00-04 log-scale forward-reference source gap retained; main module HTML: strict bilingual build/merge passed, all new M00 pages generated; representative M00-09 inspected at 1440x900/390x844 light/dark with prose, math, shared figure/caption and opened solution; table/figure internal scrolling and image loading checked, MathJax errors 0"
M00-06,part-1-foundations/M00/M00-06-indices-summation.md,translations/en/part-1-foundations/M00/M00-06-indices-summation.md,7ddaa1420e107a6ad56323239c5f55b90712b9fbf6225bba7150fba82c24f559,e369c85914388eeac9547e1ffee9d0fdc4dd34f9e2307ee524cf1595ea19b5cf,verified,release_workflow_review,"Independent full Korean/English fidelity review: index and summation scope, or logical condition direction and quantifier order preserved; local math, readings, figure class-alt-paths, exercises, headings, links and metadata checked; reading lint passed; M00-06 implicit a<=b range assumption retained; main module HTML: strict bilingual build/merge passed, all new M00 pages generated; representative M00-09 inspected at 1440x900/390x844 light/dark with prose, math, shared figure/caption and opened solution; table/figure internal scrolling and image loading checked, MathJax errors 0"
M00-07,part-1-foundations/M00/M00-07-sets-conditions-logic.md,translations/en/part-1-foundations/M00/M00-07-sets-conditions-logic.md,40939bb2d936458dda33f5a83f17d01d3116f1afc6eee67cf4466c824acffacc,aa9967c914502e8d2a78eff0588d72b17dbb95a19ed45a7eb5c52a545aa709a7,verified,release_workflow_review,"Independent full Korean/English fidelity review: index and summation scope, or logical condition direction and quantifier order preserved; local math, readings, figure class-alt-paths, exercises, headings, links and metadata checked; reading lint passed; M00-06 implicit a<=b range assumption retained; main module HTML: strict bilingual build/merge passed, all new M00 pages generated; representative M00-09 inspected at 1440x900/390x844 light/dark with prose, math, shared figure/caption and opened solution; table/figure internal scrolling and image loading checked, MathJax errors 0"
M00-08,part-1-foundations/M00/M00-08-composition-inverse.md,translations/en/part-1-foundations/M00/M00-08-composition-inverse.md,2b87e87cf59286f417e1f035f4dcbc4c8ee411fa5f95f158971a9629666af7dd,a4adacf8dbfda76f4075894b4a8897b771a249629ade87b6e81373aaad601ddb,verified,release_workflow_review,"Independent full Korean/English fidelity review: composition/inverse two-way and domain conditions, or individual column-vector/batch row/transpose/bias and layer-label distinctions preserved; local math, display sequence, readings, figures, exercises, headings, metadata and links checked; local reading lint passed; source M00-08 partial-recovery/reciprocal notation ambiguities retained; main module HTML: strict bilingual build/merge passed, all new M00 pages generated; representative M00-09 inspected at 1440x900/390x844 light/dark with prose, math, shared figure/caption and opened solution; table/figure internal scrolling and image loading checked, MathJax errors 0"
M00-09,part-1-foundations/M00/M00-09-scalars-vectors-matrices-shape.md,translations/en/part-1-foundations/M00/M00-09-scalars-vectors-matrices-shape.md,b2e2c6a97a003315ae7ac1b1cabaa9719d5dcef9e94033ff2025a5191a56d3f1,fb64373b4e08b39c281dda9489aac524be91f656c2da4d8bbf57350ec0fcb6ad,verified,release_workflow_review,"Independent full Korean/English fidelity review: composition/inverse two-way and domain conditions, or individual column-vector/batch row/transpose/bias and layer-label distinctions preserved; local math, display sequence, readings, figures, exercises, headings, metadata and links checked; local reading lint passed; source M00-08 partial-recovery/reciprocal notation ambiguities retained; main module HTML: strict bilingual build/merge passed, all new M00 pages generated; representative M00-09 inspected at 1440x900/390x844 light/dark with prose, math, shared figure/caption and opened solution; table/figure internal scrolling and image loading checked, MathJax errors 0"
M00-10,part-1-foundations/M00/M00-10-ai-equation-reading.md,translations/en/part-1-foundations/M00/M00-10-ai-equation-reading.md,2ace6b719d96778f42f5c188bc391639e763776bdd09eb71f4cdd0b8f63d0ad9,d01de760241b87cfff8d48834b179efb37ec8697ae5b74942a752db0494a73d1,verified,release_workflow_review,"Independent full Korean/English review: class/sample axes, shape, softmax normalization, target selection, averages, batch and distillation access preserved; accuracy wording clarified without new claim; local math207/display70/readings13/figures6/solutions8 and links/headings/metadata preserved; reading lint passed; source d=C/CE and inner-sum sign issues retained; main module HTML: strict bilingual build/merge passed, all new M00 pages generated; representative M00-09 inspected at 1440x900/390x844 light/dark with prose, math, shared figure/caption and opened solution; table/figure internal scrolling and image loading checked, MathJax errors 0"
M01-01,part-1-foundations/M01/M01-01-change-average-rate.md,translations/en/part-1-foundations/M01/M01-01-change-average-rate.md,8eea7e5d6c5212cdfd4a75ddcb944397eaf180ccf4dd157b546ad3cb848d6738,7397a91e4c1d049146b1cdf551dea7d703ebe557f819450b418820467d99e969,verified,release_workflow_review,"Independent full Korean/English comparison: signed change, average rate/velocity and endpoint-summary limits preserved; math207/display52/readings6/figures6/solutions7, heading roles/links/metadata checked; units localized and prose zero retains numeric meaning; scoped English reading lint passed; main M01 HTML: strict locale builds/merge passed; all13 actual pages math/image errors0; representative M01-11 desktop/mobile light/dark prose, equations, figures/captions, table and open solution checked; same-lesson KO/EN top and English chain-rule search verified"
M01-02,part-1-foundations/M01/M01-02-limits-intuition.md,translations/en/part-1-foundations/M01/M01-02-limits-intuition.md,baf1973bfc9400f2da814126669e22d28c6f3c652b9899b1999f68ad257bb40a,fc2e31c4e26f48858e0d524de41540f024ff02da7a18e5e7cf9b6ce4649c54db,verified,release_workflow_review,"Independent full Korean/English comparison: every nearby input for an arbitrary tolerance, two-sided limits, continuity and nonzero division premise preserved; introductory English clause clarified without new claim; math254/display62/readings6/figures7/solutions7, heading roles/links/metadata checked; prose zero retains numeric meaning; scoped English reading lint passed; main M01 HTML: strict locale builds/merge passed; all13 actual pages math/image errors0; representative M01-11 desktop/mobile light/dark prose, equations, figures/captions, table and open solution checked; same-lesson KO/EN top and English chain-rule search verified"
M01-03,part-1-foundations/M01/M01-03-derivative-instantaneous-rate.md,translations/en/part-1-foundations/M01/M01-03-derivative-instantaneous-rate.md,08be290593ac6d04c1b730212bccca5637cf939fa9138e582dc0bccef6b20761,2a3fa0b2a81e005281d6b4345b04d368015f27b3557ed5cc2075d6af2bd17935,verified,release_workflow_review,"Independent full Korean/English comparison: finite derivative, fixed base point, tangent/curve, instantaneous velocity, ReLU derivative convention and local causal-claim limits preserved; math232/display40/readings8/figures5/solutions7, heading roles/links/metadata checked; first-order wording retains source order; scoped English reading lint passed; main M01 HTML: strict locale builds/merge passed; all13 actual pages math/image errors0; representative M01-11 desktop/mobile light/dark prose, equations, figures/captions, table and open solution checked; same-lesson KO/EN top and English chain-rule search verified"
M01-04,part-1-foundations/M01/M01-04-derivative-and-graphs.md,translations/en/part-1-foundations/M01/M01-04-derivative-and-graphs.md,8e6a6aae5a08105285757df4e5575fd03f29b56d64688c278f1fe5e0dfa7361c,2c194d77b7357b1c82669c87b2f419d8db484b049a192fdc0247cf979b3ff7dc,verified,release_workflow_review,"Independent full Korean/English comparison: point derivative vs derivative function, strict monotonicity, interval vs point sign, interior extrema/critical-point continuity and sign conditions, gradient-step limits preserved; scoped math223/display23/readings7/figures6/solutions7/headings34/links/numerals308/metadata checked; English reading lint1 table7 cells passed, Hangul0; source isolated-zero caveat retained separately; main M01 HTML: strict locale builds/merge passed; all13 actual pages math/image errors0; representative M01-11 desktop/mobile light/dark prose, equations, figures/captions, table and open solution checked; same-lesson KO/EN top and English chain-rule search verified"
M01-05,part-1-foundations/M01/M01-05-sum-product-quotient-rules.md,translations/en/part-1-foundations/M01/M01-05-sum-product-quotient-rules.md,787b6e827909a32c60316d93d3960358183d6b0ac227e560e30b7ce82902b355,73759f7b8059cf87a543e9f4e05a8ae2baea906caa36b303db5dc2a13187ade7,verified,release_workflow_review,"Independent full Korean/English comparison: finite fixed summation count, constant coefficients, product cross-term limit, quotient sign/domain and average cancellation preserved; power wording clarified as n factors without changing scope; exact math197/display48/readings5/figures5/solutions7, headings/links/metadata checked; scoped English reading lint passed; main M01 HTML: strict locale builds/merge passed; all13 actual pages math/image errors0; representative M01-11 desktop/mobile light/dark prose, equations, figures/captions, table and open solution checked; same-lesson KO/EN top and English chain-rule search verified"
M01-06,part-1-foundations/M01/M01-06-composition-chain-rule.md,translations/en/part-1-foundations/M01/M01-06-composition-chain-rule.md,dd1f941e243070197a06e15eb27e6bedc95e82be3e08c9a3f7b45bfb75064e98,630dcd5ee667af39b8b762e947d3ca0e0d2cc5d2f2b5db67139ecafcf1418748,verified,release_workflow_review,"Independent full Korean/English comparison: outer derivative evaluated at intermediate input, unit/order, single vs branched paths and sufficient differentiability conditions preserved; normalized math169/display60/readings6/figures5/solutions7, headings/links/metadata checked, only text units translated; scoped English reading lint passed; source unequal-derivative overstatement retained separately; main M01 HTML: strict locale builds/merge passed; all13 actual pages math/image errors0; representative M01-11 desktop/mobile light/dark prose, equations, figures/captions, table and open solution checked; same-lesson KO/EN top and English chain-rule search verified"
M01-07,part-1-foundations/M01/M01-07-exponential-log-derivatives.md,translations/en/part-1-foundations/M01/M01-07-exponential-log-derivatives.md,506281d9a770ca1311f0e35399f14f2f039299e53eea46822265757bcd3bb40c,89f06f7a85d81de39f080bd75eb003846f7a347e534eb69fa16af7c4c555f8b9,verified,release_workflow_review,"Independent full Korean/English comparison: positive log input, relative change, held-fixed other logits and probability-vs-parameter sensitivity preserved; exact math210/display50/readings6/figures5/solutions7, headings/links/metadata checked, one prose zero localized without value change; scoped English reading lint passed; main M01 HTML: strict locale builds/merge passed; all13 actual pages math/image errors0; representative M01-11 desktop/mobile light/dark prose, equations, figures/captions, table and open solution checked; same-lesson KO/EN top and English chain-rule search verified"
M01-08,part-1-foundations/M01/M01-08-integration-accumulation.md,translations/en/part-1-foundations/M01/M01-08-integration-accumulation.md,66dc48499d63a0e97139d031affdf8fc6ef6d28b3ade03643474de8388ed50ec,452a5c19546230f9445ac40a5d0ed3c5fe86aeb3b5cd3fc4205ca7c8f4921462,verified,release_workflow_review,"Independent full Korean/English comparison: sample height vs width vs substituting zero, sample-choice independent convergence/continuity, signed area vs integral of absolute value vs absolute integral, reversal/additivity/units, endpoint vs dummy variable and loss over time vs final/average loss preserved; normalized math176/display41/readings7/figures8/solutions7, numerals/headings/links/metadata checked, only text area/units translated; scoped English reading lint passed; main M01 HTML: strict locale builds/merge passed; all13 actual pages math/image errors0; representative M01-11 desktop/mobile light/dark prose, equations, figures/captions, table and open solution checked; same-lesson KO/EN top and English chain-rule search verified"
M01-09,part-1-foundations/M01/M01-09-fundamental-theorem-calculus.md,translations/en/part-1-foundations/M01/M01-09-fundamental-theorem-calculus.md,1e4ed23c4608f4a62046fdc5835a4ee2dbaa8032e2274f87f8038637b8809f3e,31ea39e9b499e3d4af2f0a3eece0811a52fd7ed83caec5ca037306e1196d99be,verified,release_workflow_review,"Independent full Korean/English comparison: both fundamental-theorem directions, continuity/interior conditions, log-absolute-x intervals excluding zero and endpoint change vs absolute height preserved; exact math188/display52/readings5/figures8/solutions7/numerals329/headings35/links4/metadata checked; scoped English reading lint passed; main M01 HTML: strict locale builds/merge passed; all13 actual pages math/image errors0; representative M01-11 desktop/mobile light/dark prose, equations, figures/captions, table and open solution checked; same-lesson KO/EN top and English chain-rule search verified"
M01-10,part-1-foundations/M01/M01-10-multivariable-partial-derivatives.md,translations/en/part-1-foundations/M01/M01-10-multivariable-partial-derivatives.md,76bb00efe9c507f4d627f807640e1d9fbf26fc4f63ab0b2ed656fa5540140ac6,977eea217584f9c37c67a80bb619743225ee969f7a33b8bd3f019593bfc04282,verified,release_workflow_review,"Independent full Korean/English comparison: held-fixed coordinate values, cross sections, reciprocal unit scaling, prediction loss and local sensitivity limits preserved; English-sentence objective localized; exact math219/display50/readings6/figures8/solutions7/numerals330/headings35/links4/metadata checked; scoped English reading lint passed; main M01 HTML: strict locale builds/merge passed; all13 actual pages math/image errors0; representative M01-11 desktop/mobile light/dark prose, equations, figures/captions, table and open solution checked; same-lesson KO/EN top and English chain-rule search verified"
M01-11,part-1-foundations/M01/M01-11-directional-derivative-gradient.md,translations/en/part-1-foundations/M01/M01-11-directional-derivative-gradient.md,b332be4e92335a36c0463bbe1b83b3ed9e012c0dfaa3aae9aa098028e886d3b8,18ca564252e54f85ebd8007f94390f2496c0bffccb08ae43d7f0cbbe59cb9b92,verified,release_workflow_review,"Independent full Korean/English comparison: arbitrary vs unit directions, differentiability premise, dot-product reasoning, Euclidean steepest direction, norm-dependent update and local-claim limits preserved; unit-vector negation wording clarified without new claim; exact math135/display47/readings6/figures7/solutions7/numerals326/headings35/links3/metadata checked; scoped English reading lint passed; main M01 HTML: strict locale builds/merge passed; all13 actual pages math/image errors0; representative M01-11 desktop/mobile light/dark prose, equations, figures/captions, table and open solution checked; same-lesson KO/EN top and English chain-rule search verified"
M01-12,part-1-foundations/M01/M01-12-taylor-approximation.md,translations/en/part-1-foundations/M01/M01-12-taylor-approximation.md,4e0e055cbc73ee2c864fceb049c67138a3b96471a908cd6bb1f752a2c0e2ae90,135adcc2dc28a35c625a0dcdb2947c5841b0d6fbc27863c3fd4ea00ffa6490a6,verified,release_workflow_review,"Independent full Korean/English comparison: remainder-to-displacement ratio, neighborhood C2 condition, one-half coefficient, general remainder vs quadratic term, evaluation point, finite ReLU boundary crossing, signed error and claim limits preserved; exact math178/display47/readings6/figures6/solutions7/numerals302/headings35/links3/metadata checked; scoped English reading lint passed; main M01 HTML: strict locale builds/merge passed; all13 actual pages math/image errors0; representative M01-11 desktop/mobile light/dark prose, equations, figures/captions, table and open solution checked; same-lesson KO/EN top and English chain-rule search verified"
M01-13,part-1-foundations/M01/M01-13-numerical-differentiation-error.md,translations/en/part-1-foundations/M01/M01-13-numerical-differentiation-error.md,78a5d103c0230706bfd38e9b1b9cb1656898d394e8fad3f8c34ee110c02bc499,565df61e0eca54f5963818fc66dadae5bab5fd2983725abb77c827e04335f86d,verified,release_workflow_review,"Independent full Korean/English comparison: each difference denominator/direction, continuous third-derivative premise, zero coefficient exception, truncation/roundoff/noise, same incorrect-function gradient check, coordinate cost and cumulative numeric task preserved; ambiguous source each-method value remains constant in h clarified from surrounding formulas, not equal across methods; exact math188/display42/readings7/figures8/solutions7/numerals404/headings36/links4/metadata checked; scoped English reading lint passed; main M01 HTML: strict locale builds/merge passed; all13 actual pages math/image errors0; representative M01-11 desktop/mobile light/dark prose, equations, figures/captions, table and open solution checked; same-lesson KO/EN top and English chain-rule search verified"
M02-01,part-1-foundations/M02/M02-01-vectors-vector-operations.md,translations/en/part-1-foundations/M02/M02-01-vectors-vector-operations.md,,,planned,,
M02-02,part-1-foundations/M02/M02-02-linear-combinations-span.md,translations/en/part-1-foundations/M02/M02-02-linear-combinations-span.md,,,planned,,
M02-03,part-1-foundations/M02/M02-03-inner-product-length-angle.md,translations/en/part-1-foundations/M02/M02-03-inner-product-length-angle.md,,,planned,,
M02-04,part-1-foundations/M02/M02-04-matrices-matrix-multiplication.md,translations/en/part-1-foundations/M02/M02-04-matrices-matrix-multiplication.md,,,planned,,
M02-05,part-1-foundations/M02/M02-05-matrix-as-linear-transformation.md,translations/en/part-1-foundations/M02/M02-05-matrix-as-linear-transformation.md,,,planned,,
M02-06,part-1-foundations/M02/M02-06-linear-systems-inverse.md,translations/en/part-1-foundations/M02/M02-06-linear-systems-inverse.md,,,planned,,
M02-07,part-1-foundations/M02/M02-07-linear-independence-basis-dimension.md,translations/en/part-1-foundations/M02/M02-07-linear-independence-basis-dimension.md,,,planned,,
M02-08,part-1-foundations/M02/M02-08-kernel-image-rank.md,translations/en/part-1-foundations/M02/M02-08-kernel-image-rank.md,,,planned,,
M02-09,part-1-foundations/M02/M02-09-orthogonal-basis-projection.md,translations/en/part-1-foundations/M02/M02-09-orthogonal-basis-projection.md,,,planned,,
M02-10,part-1-foundations/M02/M02-10-determinant-minimum.md,translations/en/part-1-foundations/M02/M02-10-determinant-minimum.md,,,planned,,
M02-11,part-1-foundations/M02/M02-11-eigenvalues-eigenvectors.md,translations/en/part-1-foundations/M02/M02-11-eigenvalues-eigenvectors.md,,,planned,,
M02-12,part-1-foundations/M02/M02-12-symmetric-matrices-spectral-theorem.md,translations/en/part-1-foundations/M02/M02-12-symmetric-matrices-spectral-theorem.md,,,planned,,
M02-13,part-1-foundations/M02/M02-13-singular-value-decomposition.md,translations/en/part-1-foundations/M02/M02-13-singular-value-decomposition.md,,,planned,,
M02-14,part-1-foundations/M02/M02-14-covariance-pca.md,translations/en/part-1-foundations/M02/M02-14-covariance-pca.md,,,planned,,
M02-15,part-1-foundations/M02/M02-15-norm-condition-number.md,translations/en/part-1-foundations/M02/M02-15-norm-condition-number.md,,,planned,,
M03-01,part-1-foundations/M03/M03-01-abstract-vector-spaces.md,translations/en/part-1-foundations/M03/M03-01-abstract-vector-spaces.md,,,planned,,
M03-02,part-1-foundations/M03/M03-02-linear-maps-matrix-representation.md,translations/en/part-1-foundations/M03/M03-02-linear-maps-matrix-representation.md,,,planned,,
M03-03,part-1-foundations/M03/M03-03-change-of-basis-coordinate-dependence.md,translations/en/part-1-foundations/M03/M03-03-change-of-basis-coordinate-dependence.md,,,planned,,
M03-04,part-1-foundations/M03/M03-04-invariants-equivariance.md,translations/en/part-1-foundations/M03/M03-04-invariants-equivariance.md,,,planned,,
M03-05,part-1-foundations/M03/M03-05-subspaces-direct-sums-decomposition.md,translations/en/part-1-foundations/M03/M03-05-subspaces-direct-sums-decomposition.md,,,planned,,
M03-06,part-1-foundations/M03/M03-06-equivalence-relations-quotient-spaces.md,translations/en/part-1-foundations/M03/M03-06-equivalence-relations-quotient-spaces.md,,,planned,,
M03-07,part-1-foundations/M03/M03-07-dual-spaces-covectors.md,translations/en/part-1-foundations/M03/M03-07-dual-spaces-covectors.md,,,planned,,
M03-08,part-1-foundations/M03/M03-08-bilinear-quadratic-forms.md,translations/en/part-1-foundations/M03/M03-08-bilinear-quadratic-forms.md,,,planned,,
M03-09,part-1-foundations/M03/M03-09-tensors-multilinear-maps.md,translations/en/part-1-foundations/M03/M03-09-tensors-multilinear-maps.md,,,planned,,
M03-10,part-1-foundations/M03/M03-10-total-derivative-differential.md,translations/en/part-1-foundations/M03/M03-10-total-derivative-differential.md,,,planned,,
M03-11,part-1-foundations/M03/M03-11-jacobian.md,translations/en/part-1-foundations/M03/M03-11-jacobian.md,1b98c0bc868ea3620b9a64260400c9c3bbc9b362f8f2bbd66febae24efa3941b,0a424819c8d6499c01d5c75dfd2ae05a42568827d4d21f77e688a0fbfc020b20,verified,visual_goal_review,"Independent full comparison: differentiability condition, row/column convention, local residual and metric limits retained; 7 solutions, 8 figures, math and reading match. JVP grammar fixed. Original caption input-direction h notation ambiguity preserved and flagged; HTML pending.; main HTML: 1440x900/390x844 light/dark prose, equations, shared images and captions inspected; images loaded and MathJax errors 0; wide figures scroll within wrapper"
M03-12,part-1-foundations/M03/M03-12-hessian.md,translations/en/part-1-foundations/M03/M03-12-hessian.md,,,planned,,
M03-13,part-1-foundations/M03/M03-13-jvp-vjp.md,translations/en/part-1-foundations/M03/M03-13-jvp-vjp.md,,,planned,,
M03-14,part-1-foundations/M03/M03-14-automatic-differentiation-backpropagation.md,translations/en/part-1-foundations/M03/M03-14-automatic-differentiation-backpropagation.md,,,planned,,
M03-15,part-1-foundations/M03/M03-15-reparameterization-model-symmetries.md,translations/en/part-1-foundations/M03/M03-15-reparameterization-model-symmetries.md,,,planned,,
M04-01,part-1-foundations/M04/M04-01-events-probability.md,translations/en/part-1-foundations/M04/M04-01-events-probability.md,,,planned,,
M04-02,part-1-foundations/M04/M04-02-conditional-probability-bayes-rule.md,translations/en/part-1-foundations/M04/M04-02-conditional-probability-bayes-rule.md,,,planned,,
M04-03,part-1-foundations/M04/M04-03-random-variables-distributions.md,translations/en/part-1-foundations/M04/M04-03-random-variables-distributions.md,,,planned,,
M04-04,part-1-foundations/M04/M04-04-expectation-variance-covariance.md,translations/en/part-1-foundations/M04/M04-04-expectation-variance-covariance.md,,,planned,,
M04-05,part-1-foundations/M04/M04-05-common-distributions.md,translations/en/part-1-foundations/M04/M04-05-common-distributions.md,,,planned,,
M04-06,part-1-foundations/M04/M04-06-samples-populations-sampling-distributions.md,translations/en/part-1-foundations/M04/M04-06-samples-populations-sampling-distributions.md,,,planned,,
M04-07,part-1-foundations/M04/M04-07-estimation-bias-variance.md,translations/en/part-1-foundations/M04/M04-07-estimation-bias-variance.md,,,planned,,
M04-08,part-1-foundations/M04/M04-08-regression-classification.md,translations/en/part-1-foundations/M04/M04-08-regression-classification.md,,,planned,,
M04-09,part-1-foundations/M04/M04-09-confidence-intervals-bootstrap.md,translations/en/part-1-foundations/M04/M04-09-confidence-intervals-bootstrap.md,,,planned,,
M04-10,part-1-foundations/M04/M04-10-hypothesis-testing-multiple-comparisons.md,translations/en/part-1-foundations/M04/M04-10-hypothesis-testing-multiple-comparisons.md,,,planned,,
M04-11,part-1-foundations/M04/M04-11-likelihood-maximum-likelihood.md,translations/en/part-1-foundations/M04/M04-11-likelihood-maximum-likelihood.md,,,planned,,
M04-12,part-1-foundations/M04/M04-12-entropy-cross-entropy.md,translations/en/part-1-foundations/M04/M04-12-entropy-cross-entropy.md,,,planned,,
M04-13,part-1-foundations/M04/M04-13-kl-divergence.md,translations/en/part-1-foundations/M04/M04-13-kl-divergence.md,,,planned,,
M04-14,part-1-foundations/M04/M04-14-mutual-information.md,translations/en/part-1-foundations/M04/M04-14-mutual-information.md,,,planned,,
M04-15,part-1-foundations/M04/M04-15-calibration-scoring-rules.md,translations/en/part-1-foundations/M04/M04-15-calibration-scoring-rules.md,,,planned,,
M04-16,part-1-foundations/M04/M04-16-correlation-causation.md,translations/en/part-1-foundations/M04/M04-16-correlation-causation.md,,,planned,,
M04-17,part-1-foundations/M04/M04-17-experimental-design-reproducibility.md,translations/en/part-1-foundations/M04/M04-17-experimental-design-reproducibility.md,,,planned,,
N05-01,part-2-neural-computation/N05/N05-01-tensors-computation-graphs.md,translations/en/part-2-neural-computation/N05/N05-01-tensors-computation-graphs.md,,,planned,,
N05-02,part-2-neural-computation/N05/N05-02-single-neuron.md,translations/en/part-2-neural-computation/N05/N05-02-single-neuron.md,,,planned,,
N05-03,part-2-neural-computation/N05/N05-03-mlp-forward-pass.md,translations/en/part-2-neural-computation/N05/N05-03-mlp-forward-pass.md,,,planned,,
N05-04,part-2-neural-computation/N05/N05-04-activation-functions-gating.md,translations/en/part-2-neural-computation/N05/N05-04-activation-functions-gating.md,,,planned,,
N05-05,part-2-neural-computation/N05/N05-05-logits-softmax-cross-entropy.md,translations/en/part-2-neural-computation/N05/N05-05-logits-softmax-cross-entropy.md,,,planned,,
N05-06,part-2-neural-computation/N05/N05-06-backpropagation.md,translations/en/part-2-neural-computation/N05/N05-06-backpropagation.md,,,planned,,
N05-07,part-2-neural-computation/N05/N05-07-gradient-descent-mini-batch.md,translations/en/part-2-neural-computation/N05/N05-07-gradient-descent-mini-batch.md,,,planned,,
N05-08,part-2-neural-computation/N05/N05-08-momentum-adamw-optimizer-state.md,translations/en/part-2-neural-computation/N05/N05-08-momentum-adamw-optimizer-state.md,,,planned,,
N05-09,part-2-neural-computation/N05/N05-09-pytorch-tensor-shape-dtype.md,translations/en/part-2-neural-computation/N05/N05-09-pytorch-tensor-shape-dtype.md,,,planned,,
N05-10,part-2-neural-computation/N05/N05-10-autograd-jvp-vjp.md,translations/en/part-2-neural-computation/N05/N05-10-autograd-jvp-vjp.md,,,planned,,
N05-11,part-2-neural-computation/N05/N05-11-token-tokenizer.md,translations/en/part-2-neural-computation/N05/N05-11-token-tokenizer.md,,,planned,,
N05-12,part-2-neural-computation/N05/N05-12-embedding-unembedding.md,translations/en/part-2-neural-computation/N05/N05-12-embedding-unembedding.md,,,planned,,
N05-13,part-2-neural-computation/N05/N05-13-position-information-rope.md,translations/en/part-2-neural-computation/N05/N05-13-position-information-rope.md,,,planned,,
N05-14,part-2-neural-computation/N05/N05-14-query-key-value.md,translations/en/part-2-neural-computation/N05/N05-14-query-key-value.md,,,planned,,
N05-15,part-2-neural-computation/N05/N05-15-causal-scaled-dot-product-attention.md,translations/en/part-2-neural-computation/N05/N05-15-causal-scaled-dot-product-attention.md,a1a4b665be1bfb085f86c7c62382ca6e469e1d0e706095c22301eae62bd09d78,04b81dfd3b6ee40844ab2d4dd253c22c5c4f5d59c80a2c566db49af135fda08b,verified,release_inventory_review,"Independent full KO/EN comparison: scaling assumptions and limits, all-forbidden rows, masking order and causal-claim limits retained; formulas, 6 solutions, 9 figures, reading and lab marker match. HTML pending.; main HTML: 1440x900/390x844 light/dark prose, equations, shared images and captions inspected; images loaded and MathJax errors 0; wide figures scroll within wrapper"
N05-16,part-2-neural-computation/N05/N05-16-mha-mqa-gqa.md,translations/en/part-2-neural-computation/N05/N05-16-mha-mqa-gqa.md,,,planned,,
N05-17,part-2-neural-computation/N05/N05-17-residual-stream.md,translations/en/part-2-neural-computation/N05/N05-17-residual-stream.md,,,planned,,
N05-18,part-2-neural-computation/N05/N05-18-layernorm-rmsnorm-residual-order.md,translations/en/part-2-neural-computation/N05/N05-18-layernorm-rmsnorm-residual-order.md,,,planned,,
N05-19,part-2-neural-computation/N05/N05-19-dense-mlp-swiglu-expert-routing.md,translations/en/part-2-neural-computation/N05/N05-19-dense-mlp-swiglu-expert-routing.md,,,planned,,
N05-20,part-2-neural-computation/N05/N05-20-decoder-block-architecture-diff.md,translations/en/part-2-neural-computation/N05/N05-20-decoder-block-architecture-diff.md,,,planned,,
N05-21,part-2-neural-computation/N05/N05-21-language-model-objective.md,translations/en/part-2-neural-computation/N05/N05-21-language-model-objective.md,,,planned,,
N05-22,part-2-neural-computation/N05/N05-22-causal-inference-kv-cache.md,translations/en/part-2-neural-computation/N05/N05-22-causal-inference-kv-cache.md,,,planned,,
N05-23,part-2-neural-computation/N05/N05-23-decoding-generation.md,translations/en/part-2-neural-computation/N05/N05-23-decoding-generation.md,,,planned,,
N05-24,part-2-neural-computation/N05/N05-24-chain-of-thought-observation-status.md,translations/en/part-2-neural-computation/N05/N05-24-chain-of-thought-observation-status.md,,,planned,,
N05-25,part-2-neural-computation/N05/N05-25-hook-activation-collection.md,translations/en/part-2-neural-computation/N05/N05-25-hook-activation-collection.md,,,planned,,
N05-26,part-2-neural-computation/N05/N05-26-gradient-collection-intervention-preparation.md,translations/en/part-2-neural-computation/N05/N05-26-gradient-collection-intervention-preparation.md,,,planned,,
N05-27,part-2-neural-computation/N05/N05-27-checkpoint-model-state.md,translations/en/part-2-neural-computation/N05/N05-27-checkpoint-model-state.md,,,planned,,
N05-28,part-2-neural-computation/N05/N05-28-one-token-path.md,translations/en/part-2-neural-computation/N05/N05-28-one-token-path.md,,,planned,,
I06-01,part-3-interpretability/I06/I06-01-behavior-representation-question-design.md,translations/en/part-3-interpretability/I06/I06-01-behavior-representation-question-design.md,,,planned,,
I06-02,part-3-interpretability/I06/I06-02-activation-dataset.md,translations/en/part-3-interpretability/I06/I06-02-activation-dataset.md,,,planned,,
I06-03,part-3-interpretability/I06/I06-03-distributions-basic-statistics.md,translations/en/part-3-interpretability/I06/I06-03-distributions-basic-statistics.md,,,planned,,
I06-04,part-3-interpretability/I06/I06-04-neuron-level-analysis.md,translations/en/part-3-interpretability/I06/I06-04-neuron-level-analysis.md,,,planned,,
I06-05,part-3-interpretability/I06/I06-05-pca-svd-analysis.md,translations/en/part-3-interpretability/I06/I06-05-pca-svd-analysis.md,,,planned,,
I06-06,part-3-interpretability/I06/I06-06-linear-probe.md,translations/en/part-3-interpretability/I06/I06-06-linear-probe.md,,,planned,,
I06-07,part-3-interpretability/I06/I06-07-probe-controls-selectivity.md,translations/en/part-3-interpretability/I06/I06-07-probe-controls-selectivity.md,,,planned,,
I06-08,part-3-interpretability/I06/I06-08-cca-cka-rsa.md,translations/en/part-3-interpretability/I06/I06-08-cca-cka-rsa.md,,,planned,,
I06-09,part-3-interpretability/I06/I06-09-feature-visualization.md,translations/en/part-3-interpretability/I06/I06-09-feature-visualization.md,,,planned,,
I06-10,part-3-interpretability/I06/I06-10-superposition.md,translations/en/part-3-interpretability/I06/I06-10-superposition.md,,,planned,,
I06-11,part-3-interpretability/I06/I06-11-sparse-coding.md,translations/en/part-3-interpretability/I06/I06-11-sparse-coding.md,,,planned,,
I06-12,part-3-interpretability/I06/I06-12-sparse-autoencoder.md,translations/en/part-3-interpretability/I06/I06-12-sparse-autoencoder.md,,,planned,,
I06-13,part-3-interpretability/I06/I06-13-feature-stability-identifiability.md,translations/en/part-3-interpretability/I06/I06-13-feature-stability-identifiability.md,,,planned,,
I06-14,part-3-interpretability/I06/I06-14-writing-representation-claims.md,translations/en/part-3-interpretability/I06/I06-14-writing-representation-claims.md,,,planned,,
I06-15,part-3-interpretability/I06/I06-15-capstone-representation-report.md,translations/en/part-3-interpretability/I06/I06-15-capstone-representation-report.md,,,planned,,
I07-01,part-3-interpretability/I07/I07-01-sensitivity-attribution.md,translations/en/part-3-interpretability/I07/I07-01-sensitivity-attribution.md,,,planned,,
I07-02,part-3-interpretability/I07/I07-02-gradient-attribution.md,translations/en/part-3-interpretability/I07/I07-02-gradient-attribution.md,,,planned,,
I07-03,part-3-interpretability/I07/I07-03-integrated-gradients-baseline.md,translations/en/part-3-interpretability/I07/I07-03-integrated-gradients-baseline.md,,,planned,,
I07-04,part-3-interpretability/I07/I07-04-perturbation-attribution.md,translations/en/part-3-interpretability/I07/I07-04-perturbation-attribution.md,,,planned,,
I07-05,part-3-interpretability/I07/I07-05-observation-intervention.md,translations/en/part-3-interpretability/I07/I07-05-observation-intervention.md,,,planned,,
I07-06,part-3-interpretability/I07/I07-06-ablation.md,translations/en/part-3-interpretability/I07/I07-06-ablation.md,,,planned,,
I07-07,part-3-interpretability/I07/I07-07-activation-patching.md,translations/en/part-3-interpretability/I07/I07-07-activation-patching.md,792f59e401d839ef777cd0b336bdd780045e41075c5c0e3feb5c229d9a5179b9,4ea52eef6e746475720ddb2febfe96f9ac22c245fb8ed2df031104afde647e56,verified,release_inventory_review,"Independent full comparison: undefined zero denominator, raw effect, negative/overshoot recovery, intervention location and local estimand/Pythia boundaries retained; 6 solutions, 6 figures and both markers match. HTML pending.; main HTML: 1440x900/390x844 light/dark prose, equations, shared images and captions inspected; images loaded and MathJax errors 0; wide figures scroll within wrapper"
I07-08,part-3-interpretability/I07/I07-08-causal-tracing.md,translations/en/part-3-interpretability/I07/I07-08-causal-tracing.md,,,planned,,
I07-09,part-3-interpretability/I07/I07-09-path-patching.md,translations/en/part-3-interpretability/I07/I07-09-path-patching.md,,,planned,,
I07-10,part-3-interpretability/I07/I07-10-residual-logit-attribution.md,translations/en/part-3-interpretability/I07/I07-10-residual-logit-attribution.md,,,planned,,
I07-11,part-3-interpretability/I07/I07-11-circuit-graph.md,translations/en/part-3-interpretability/I07/I07-11-circuit-graph.md,,,planned,,
I07-12,part-3-interpretability/I07/I07-12-necessity-sufficiency.md,translations/en/part-3-interpretability/I07/I07-12-necessity-sufficiency.md,,,planned,,
I07-13,part-3-interpretability/I07/I07-13-mediation-counterfactual.md,translations/en/part-3-interpretability/I07/I07-13-mediation-counterfactual.md,,,planned,,
I07-14,part-3-interpretability/I07/I07-14-off-manifold-intervention.md,translations/en/part-3-interpretability/I07/I07-14-off-manifold-intervention.md,,,planned,,
I07-15,part-3-interpretability/I07/I07-15-controls-statistical-validation.md,translations/en/part-3-interpretability/I07/I07-15-controls-statistical-validation.md,,,planned,,
I07-16,part-3-interpretability/I07/I07-16-cot-faithfulness.md,translations/en/part-3-interpretability/I07/I07-16-cot-faithfulness.md,,,planned,,
I07-17,part-3-interpretability/I07/I07-17-capstone-small-circuit.md,translations/en/part-3-interpretability/I07/I07-17-capstone-small-circuit.md,,,planned,,
I08-01,part-3-interpretability/I08/I08-01-checkpoint-study-design.md,translations/en/part-3-interpretability/I08/I08-01-checkpoint-study-design.md,,,planned,,
I08-02,part-3-interpretability/I08/I08-02-parameter-function-distance.md,translations/en/part-3-interpretability/I08/I08-02-parameter-function-distance.md,,,planned,,
I08-03,part-3-interpretability/I08/I08-03-representation-alignment.md,translations/en/part-3-interpretability/I08/I08-03-representation-alignment.md,,,planned,,
I08-04,part-3-interpretability/I08/I08-04-sgd-as-dynamics.md,translations/en/part-3-interpretability/I08/I08-04-sgd-as-dynamics.md,,,planned,,
I08-05,part-3-interpretability/I08/I08-05-minibatch-noise-optimizer-state.md,translations/en/part-3-interpretability/I08/I08-05-minibatch-noise-optimizer-state.md,,,planned,,
I08-06,part-3-interpretability/I08/I08-06-hessian-spectrum.md,translations/en/part-3-interpretability/I08/I08-06-hessian-spectrum.md,,,planned,,
I08-07,part-3-interpretability/I08/I08-07-loss-landscape-mode-connectivity.md,translations/en/part-3-interpretability/I08/I08-07-loss-landscape-mode-connectivity.md,,,planned,,
I08-08,part-3-interpretability/I08/I08-08-influence-function.md,translations/en/part-3-interpretability/I08/I08-08-influence-function.md,,,planned,,
I08-09,part-3-interpretability/I08/I08-09-feature-emergence.md,translations/en/part-3-interpretability/I08/I08-09-feature-emergence.md,,,planned,,
I08-10,part-3-interpretability/I08/I08-10-grokking-phase-transition.md,translations/en/part-3-interpretability/I08/I08-10-grokking-phase-transition.md,,,planned,,
I08-11,part-3-interpretability/I08/I08-11-seed-data-order.md,translations/en/part-3-interpretability/I08/I08-11-seed-data-order.md,,,planned,,
I08-12,part-3-interpretability/I08/I08-12-data-attribution-introduction.md,translations/en/part-3-interpretability/I08/I08-12-data-attribution-introduction.md,,,planned,,
I08-13,part-3-interpretability/I08/I08-13-capstone-feature-lifecycle.md,translations/en/part-3-interpretability/I08/I08-13-capstone-feature-lifecycle.md,,,planned,,
A09-CAU-01,part-4-advanced/A09-CAU/A09-CAU-01-structural-causal-models.md,translations/en/part-4-advanced/A09-CAU/A09-CAU-01-structural-causal-models.md,,,planned,,
A09-CAU-02,part-4-advanced/A09-CAU/A09-CAU-02-do-operator-interventions.md,translations/en/part-4-advanced/A09-CAU/A09-CAU-02-do-operator-interventions.md,,,planned,,
A09-CAU-03,part-4-advanced/A09-CAU/A09-CAU-03-confounding-identifiability.md,translations/en/part-4-advanced/A09-CAU/A09-CAU-03-confounding-identifiability.md,,,planned,,
A09-CAU-04,part-4-advanced/A09-CAU/A09-CAU-04-mediation-assumptions.md,translations/en/part-4-advanced/A09-CAU/A09-CAU-04-mediation-assumptions.md,,,planned,,
A09-CAU-05,part-4-advanced/A09-CAU/A09-CAU-05-counterfactual-potential-outcomes.md,translations/en/part-4-advanced/A09-CAU/A09-CAU-05-counterfactual-potential-outcomes.md,,,planned,,
A09-CAU-06,part-4-advanced/A09-CAU/A09-CAU-06-causal-abstraction.md,translations/en/part-4-advanced/A09-CAU/A09-CAU-06-causal-abstraction.md,,,planned,,
A09-CAU-07,part-4-advanced/A09-CAU/A09-CAU-07-external-validity-internal-interventions.md,translations/en/part-4-advanced/A09-CAU/A09-CAU-07-external-validity-internal-interventions.md,,,planned,,
A09-CAU-08,part-4-advanced/A09-CAU/A09-CAU-08-capstone-circuit-causal-claims.md,translations/en/part-4-advanced/A09-CAU/A09-CAU-08-capstone-circuit-causal-claims.md,,,planned,,
A09-DYN-01,part-4-advanced/A09-DYN/A09-DYN-01-odes-flows.md,translations/en/part-4-advanced/A09-DYN/A09-DYN-01-odes-flows.md,,,planned,,
A09-DYN-02,part-4-advanced/A09-DYN/A09-DYN-02-fixed-points-linear-stability.md,translations/en/part-4-advanced/A09-DYN/A09-DYN-02-fixed-points-linear-stability.md,,,planned,,
A09-DYN-03,part-4-advanced/A09-DYN/A09-DYN-03-phase-portrait-bifurcation.md,translations/en/part-4-advanced/A09-DYN/A09-DYN-03-phase-portrait-bifurcation.md,,,planned,,
A09-DYN-04,part-4-advanced/A09-DYN/A09-DYN-04-markov-process.md,translations/en/part-4-advanced/A09-DYN/A09-DYN-04-markov-process.md,,,planned,,
A09-DYN-05,part-4-advanced/A09-DYN/A09-DYN-05-langevin-dynamics.md,translations/en/part-4-advanced/A09-DYN/A09-DYN-05-langevin-dynamics.md,,,planned,,
A09-DYN-06,part-4-advanced/A09-DYN/A09-DYN-06-stochastic-differential-equations.md,translations/en/part-4-advanced/A09-DYN/A09-DYN-06-stochastic-differential-equations.md,,,planned,,
A09-DYN-07,part-4-advanced/A09-DYN/A09-DYN-07-continuous-time-sgd.md,translations/en/part-4-advanced/A09-DYN/A09-DYN-07-continuous-time-sgd.md,,,planned,,
A09-DYN-08,part-4-advanced/A09-DYN/A09-DYN-08-capstone-learning-trajectories.md,translations/en/part-4-advanced/A09-DYN/A09-DYN-08-capstone-learning-trajectories.md,,,planned,,
A09-GEO-01,part-4-advanced/A09-GEO/A09-GEO-01-manifold-local-coordinate.md,translations/en/part-4-advanced/A09-GEO/A09-GEO-01-manifold-local-coordinate.md,,,planned,,
A09-GEO-02,part-4-advanced/A09-GEO/A09-GEO-02-tangent-cotangent.md,translations/en/part-4-advanced/A09-GEO/A09-GEO-02-tangent-cotangent.md,18883aa70233e6072a9e445357973260fb3edb5faed95f837262e0b3f586c898,45d5c2f52f7aa3b4f79d8caeb2a00878292b8a0c48d58e2c615ad90f25abe647,verified,release_inventory_review,"Independent full comparison: tangent velocity vs finite displacement, basis and components, covector types, metric-dependent gradient and Jacobian approximation retained; 4 solutions, 8 figures, formulas and reading match. HTML pending.; main HTML: 1440x900/390x844 light/dark prose, equations, shared images and captions inspected; images loaded and MathJax errors 0; wide figures scroll within wrapper"
A09-GEO-03,part-4-advanced/A09-GEO/A09-GEO-03-metric-length.md,translations/en/part-4-advanced/A09-GEO/A09-GEO-03-metric-length.md,,,planned,,
A09-GEO-04,part-4-advanced/A09-GEO/A09-GEO-04-pullback-metric.md,translations/en/part-4-advanced/A09-GEO/A09-GEO-04-pullback-metric.md,,,planned,,
A09-GEO-05,part-4-advanced/A09-GEO/A09-GEO-05-geodesic-connection.md,translations/en/part-4-advanced/A09-GEO/A09-GEO-05-geodesic-connection.md,,,planned,,
A09-GEO-06,part-4-advanced/A09-GEO/A09-GEO-06-intrinsic-extrinsic-curvature.md,translations/en/part-4-advanced/A09-GEO/A09-GEO-06-intrinsic-extrinsic-curvature.md,,,planned,,
A09-GEO-07,part-4-advanced/A09-GEO/A09-GEO-07-activation-manifold-pitfalls.md,translations/en/part-4-advanced/A09-GEO/A09-GEO-07-activation-manifold-pitfalls.md,,,planned,,
A09-GEO-08,part-4-advanced/A09-GEO/A09-GEO-08-capstone-local-geometry.md,translations/en/part-4-advanced/A09-GEO/A09-GEO-08-capstone-local-geometry.md,,,planned,,
A09-KER-01,part-4-advanced/A09-KER/A09-KER-01-function-spaces-operators.md,translations/en/part-4-advanced/A09-KER/A09-KER-01-function-spaces-operators.md,,,planned,,
A09-KER-02,part-4-advanced/A09-KER/A09-KER-02-positive-definite-kernel.md,translations/en/part-4-advanced/A09-KER/A09-KER-02-positive-definite-kernel.md,,,planned,,
A09-KER-03,part-4-advanced/A09-KER/A09-KER-03-feature-map-kernel-trick.md,translations/en/part-4-advanced/A09-KER/A09-KER-03-feature-map-kernel-trick.md,,,planned,,
A09-KER-04,part-4-advanced/A09-KER/A09-KER-04-rkhs-introduction.md,translations/en/part-4-advanced/A09-KER/A09-KER-04-rkhs-introduction.md,,,planned,,
A09-KER-05,part-4-advanced/A09-KER/A09-KER-05-spectrum-compact-operators.md,translations/en/part-4-advanced/A09-KER/A09-KER-05-spectrum-compact-operators.md,,,planned,,
A09-KER-06,part-4-advanced/A09-KER/A09-KER-06-neural-tangent-kernel.md,translations/en/part-4-advanced/A09-KER/A09-KER-06-neural-tangent-kernel.md,,,planned,,
A09-KER-07,part-4-advanced/A09-KER/A09-KER-07-parameter-function-space.md,translations/en/part-4-advanced/A09-KER/A09-KER-07-parameter-function-space.md,,,planned,,
A09-KER-08,part-4-advanced/A09-KER/A09-KER-08-capstone-kernel-learning.md,translations/en/part-4-advanced/A09-KER/A09-KER-08-capstone-kernel-learning.md,,,planned,,
A09-LRN-01,part-4-advanced/A09-LRN/A09-LRN-01-hypothesis-class-risk.md,translations/en/part-4-advanced/A09-LRN/A09-LRN-01-hypothesis-class-risk.md,,,planned,,
A09-LRN-02,part-4-advanced/A09-LRN/A09-LRN-02-bias-variance-decomposition.md,translations/en/part-4-advanced/A09-LRN/A09-LRN-02-bias-variance-decomposition.md,,,planned,,
A09-LRN-03,part-4-advanced/A09-LRN/A09-LRN-03-generalization-gap.md,translations/en/part-4-advanced/A09-LRN/A09-LRN-03-generalization-gap.md,,,planned,,
A09-LRN-04,part-4-advanced/A09-LRN/A09-LRN-04-vc-dimension.md,translations/en/part-4-advanced/A09-LRN/A09-LRN-04-vc-dimension.md,,,planned,,
A09-LRN-05,part-4-advanced/A09-LRN/A09-LRN-05-rademacher-complexity.md,translations/en/part-4-advanced/A09-LRN/A09-LRN-05-rademacher-complexity.md,,,planned,,
A09-LRN-06,part-4-advanced/A09-LRN/A09-LRN-06-pac-learning.md,translations/en/part-4-advanced/A09-LRN/A09-LRN-06-pac-learning.md,,,planned,,
A09-LRN-07,part-4-advanced/A09-LRN/A09-LRN-07-probe-interpretation-generalization.md,translations/en/part-4-advanced/A09-LRN/A09-LRN-07-probe-interpretation-generalization.md,,,planned,,
A09-LRN-08,part-4-advanced/A09-LRN/A09-LRN-08-capstone-complexity-generalization.md,translations/en/part-4-advanced/A09-LRN/A09-LRN-08-capstone-complexity-generalization.md,,,planned,,
A09-RMT-01,part-4-advanced/A09-RMT/A09-RMT-01-high-dimensional-concentration.md,translations/en/part-4-advanced/A09-RMT/A09-RMT-01-high-dimensional-concentration.md,,,planned,,
A09-RMT-02,part-4-advanced/A09-RMT/A09-RMT-02-random-projection.md,translations/en/part-4-advanced/A09-RMT/A09-RMT-02-random-projection.md,,,planned,,
A09-RMT-03,part-4-advanced/A09-RMT/A09-RMT-03-sample-covariance-spectrum.md,translations/en/part-4-advanced/A09-RMT/A09-RMT-03-sample-covariance-spectrum.md,,,planned,,
A09-RMT-04,part-4-advanced/A09-RMT/A09-RMT-04-marchenko-pastur-intuition.md,translations/en/part-4-advanced/A09-RMT/A09-RMT-04-marchenko-pastur-intuition.md,,,planned,,
A09-RMT-05,part-4-advanced/A09-RMT/A09-RMT-05-spiked-covariance-model.md,translations/en/part-4-advanced/A09-RMT/A09-RMT-05-spiked-covariance-model.md,,,planned,,
A09-RMT-06,part-4-advanced/A09-RMT/A09-RMT-06-signal-noise-eigenvalues.md,translations/en/part-4-advanced/A09-RMT/A09-RMT-06-signal-noise-eigenvalues.md,,,planned,,
A09-RMT-07,part-4-advanced/A09-RMT/A09-RMT-07-weight-activation-hessian-spectra.md,translations/en/part-4-advanced/A09-RMT/A09-RMT-07-weight-activation-hessian-spectra.md,,,planned,,
A09-RMT-08,part-4-advanced/A09-RMT/A09-RMT-08-capstone-spectrum-null-model.md,translations/en/part-4-advanced/A09-RMT/A09-RMT-08-capstone-spectrum-null-model.md,,,planned,,
A09-SYM-01,part-4-advanced/A09-SYM/A09-SYM-01-groups-actions.md,translations/en/part-4-advanced/A09-SYM/A09-SYM-01-groups-actions.md,,,planned,,
A09-SYM-02,part-4-advanced/A09-SYM/A09-SYM-02-orbits-stabilizers.md,translations/en/part-4-advanced/A09-SYM/A09-SYM-02-orbits-stabilizers.md,,,planned,,
A09-SYM-03,part-4-advanced/A09-SYM/A09-SYM-03-invariant-equivariant.md,translations/en/part-4-advanced/A09-SYM/A09-SYM-03-invariant-equivariant.md,,,planned,,
A09-SYM-04,part-4-advanced/A09-SYM/A09-SYM-04-permutation-symmetry.md,translations/en/part-4-advanced/A09-SYM/A09-SYM-04-permutation-symmetry.md,,,planned,,
A09-SYM-05,part-4-advanced/A09-SYM/A09-SYM-05-scaling-rotation-gauge.md,translations/en/part-4-advanced/A09-SYM/A09-SYM-05-scaling-rotation-gauge.md,,,planned,,
A09-SYM-06,part-4-advanced/A09-SYM/A09-SYM-06-representation-theory.md,translations/en/part-4-advanced/A09-SYM/A09-SYM-06-representation-theory.md,,,planned,,
A09-SYM-07,part-4-advanced/A09-SYM/A09-SYM-07-model-alignment-equivalence-classes.md,translations/en/part-4-advanced/A09-SYM/A09-SYM-07-model-alignment-equivalence-classes.md,,,planned,,
A09-SYM-08,part-4-advanced/A09-SYM/A09-SYM-08-capstone-seed-alignment.md,translations/en/part-4-advanced/A09-SYM/A09-SYM-08-capstone-seed-alignment.md,,,planned,,
HOME,README.md,translations/en/README.md,011495d962a3fd13858ff0b9d23d789420ecccd06da49c4a65f90bac11388767,f1426a420d25bd0e878b486005d81c4c57817458bfcf84c5d83be2d1de28bfcd,verified,visual_goal_review,"Independent comparison of the Korean public-home reader subset: introduction, four parts, production principles and reading links retained; sole-source wording strengthened per reviewer. Private project sections intentionally omitted as in Korean build. HTML pending.; main HTML desktop light: reader-only home, links and English search"
CURRICULUM,01-CURRICULUM.md,translations/en/01-CURRICULUM.md,d33a5614db489e2cf60b70d937baace99f2a4ddf83aa08b1fecfd792505afb34,1220192b823d56c3708b7b616d91f3815ef19b1eb1f7a7706e72eb2e0f22c543,verified,root,"Independent full KO/EN reading: 199 table entries and outcomes, section order, cumulative pass tasks, optional modules, direct prerequisites and recommended paths preserved; 71 link targets and 11 formulas match. N05-22 source-title ambiguity retained. HTML pending.; main HTML mobile dark: structure diagram, lesson tables and explicit untranslated Korean fallback labels"
GLOSSARY,04-GLOSSARY.md,translations/en/04-GLOSSARY.md,4f660e92c2fc17f9bfe46ccfb13bbf4dac86071ed60de036afe3070142920b65,e9c6f3e7fbf96167d102bf5f76da8e59472356b278fbc835d35334219d94f6b5,verified,release_inventory_review,"Independent full comparison of 638 five-column entries: established English terms, first-lesson IDs and 20 formulas retain order. Direct-sum zero-vector intersection and conditional probability mass wording clarified; LayerNorm variance vs sqrt-variance source ambiguity retained. HTML pending.; main HTML desktop light and mobile light/dark: five-column tables scroll within wrapper"
N05-ARCHITECTURE,05-N05-ARCHITECTURE-BASELINE.md,translations/en/05-N05-ARCHITECTURE-BASELINE.md,21034c67b4ac10400763358a0b7f23293d9b18bfaaabe592c1938ac85a781670,45d894b6c9ba4eea3261248f040594b278ec3b3ecc43f8f27bcc7080b92f0387,verified,release_inventory_review,"Independent full comparison of 10 sections, 4 promotion conditions, public config values, historical review dates, code links and architecture distinctions. Unit-test wording and Phase-3 instructional tense corrected per reviewer. HTML pending.; main HTML desktop dark: source boundaries and component classification table"
N05-ENVIRONMENT,N05-ENVIRONMENT.md,translations/en/N05-ENVIRONMENT.md,f77acf94436f6529159f1d8b5b638f60014dac8f8cfc92b562aceecd8c9fda0c,274d14b3f7158aabea5e7bd8d99cdc300543269e07c437b4a9966be949ae74f7,verified,visual_goal_review,"Independent full comparison: all four code blocks, commands, paths, pinned versions, resource caps and runtime vs import-time distinction match. Nonzero/worded numerals preserve values. HTML pending.; main HTML mobile dark: pinned environment table and code wrappers"
GPU-ENVIRONMENT,GPU-ENVIRONMENT.md,translations/en/GPU-ENVIRONMENT.md,93356361f3681c8aa37b7c0213f7fca55c48167c8ff6f3322acf666d2d1882e1,95fbf7355aa78aa2906e2cb30c0f78b26e15ec531897cecd2b56af41a864ab7b,verified,visual_goal_review,"Independent full comparison: all four code blocks, revisions, paths, models, sequential checkpoints, artifact/VRAM/time limits and excluded execution scopes match. No new GPU runs. HTML pending.; main HTML desktop dark: limits table, code and shared Korean/English consent UI"
